source,filename,date
The Wrap,116.txt,2012/06/21
The Wrap,17.txt,2005/04/06
The Wrap,843.txt,2012/11/12
The Wrap,704.txt,2014/01/19
The Wrap,271.txt,2000/06/02
The Wrap,448.txt,1998/03/21
The Wrap,500.txt,1993/02/04
The Wrap,349.txt,2002/05/27
The Wrap,799.txt,2011/06/22
The Wrap,217.txt,2009/03/09
The Wrap,207.txt,2012/04/11
The Wrap,788.txt,2009/03/13
The Wrap,158.txt,2010/06/21
The Wrap,814.txt,1998/05/17
The Wrap,183.txt,1998/04/26
The Wrap,236.txt,2007/03/22
The Wrap,187.txt,2001/03/24
The Wrap,408.txt,1998/11/15
The Wrap,409.txt,1998/08/21
The Wrap,769.txt,2013/06/21
The Wrap,740.txt,1999/07/09
The Wrap,243.txt,2004/05/30
The Wrap,492.txt,1998/05/17
The Wrap,445.txt,2009/06/20
The Wrap,520.txt,2012/09/08
The Wrap,680.txt,2001/09/02
The Orb,672.txt,2000/06/01
The Orb,459.txt,2001/03/24
The Orb,840.txt,2012/11/12
The Orb,275.txt,1998/08/20
The Orb,249.txt,2011/06/22
The Orb,248.txt,1999/07/09
The Orb,662.txt,2012/06/22
The Orb,148.txt,2014/01/19
The Orb,575.txt,2013/06/22
The Orb,210.txt,1993/02/03
The Orb,832.txt,2005/04/06
The Orb,211.txt,1998/11/16
The Orb,239.txt,2012/04/10
The Orb,546.txt,2004/05/31
The Orb,778.txt,2001/09/01
The Orb,357.txt,2009/06/21
The Orb,222.txt,1998/05/17
The Orb,622.txt,1998/05/17
The Orb,390.txt,2007/03/22
The Orb,741.txt,1998/04/27
The Orb,0.txt,2012/09/08
The Orb,531.txt,1998/03/20
The Orb,109.txt,2002/05/26
The Orb,523.txt,2010/06/21
The Orb,735.txt,2009/03/09
The Orb,455.txt,2009/03/14
Tethys News,510.txt,2009/03/14
Tethys News,539.txt,2009/03/14
Tethys News,507.txt,2009/03/14
Tethys News,11.txt,2009/03/14
Tethys News,759.txt,2009/03/14
Tethys News,76.txt,2009/03/14
Tethys News,558.txt,2009/03/14
Tethys News,613.txt,2009/03/14
Tethys News,400.txt,2009/03/14
Tethys News,600.txt,2009/03/14
Tethys News,173.txt,2009/03/14
Tethys News,585.txt,2009/03/14
Tethys News,419.txt,2009/03/14
Tethys News,430.txt,2009/03/14
Tethys News,395.txt,2009/03/14
Tethys News,829.txt,2009/03/14
Tethys News,193.txt,2009/03/14
Tethys News,92.txt,2009/03/14
Tethys News,838.txt,2009/03/14
Tethys News,78.txt,2009/03/14
Tethys News,44.txt,2009/03/14
Tethys News,635.txt,2009/03/14
Tethys News,392.txt,2009/03/14
Tethys News,90.txt,2009/03/14
Tethys News,813.txt,2009/03/14
Tethys News,653.txt,2009/03/14
Tethys News,685.txt,2009/03/14
Tethys News,726.txt,2009/03/14
Tethys News,532.txt,2009/03/14
Tethys News,122.txt,2009/03/14
Tethys News,453.txt,2009/03/14
Tethys News,533.txt,2009/03/14
Tethys News,26.txt,2009/03/14
Tethys News,32.txt,2009/03/14
Tethys News,253.txt,2009/03/14
The World,498.txt,2009/03/14
The World,472.txt,2009/03/14
The World,305.txt,2009/03/14
The World,517.txt,2009/03/14
The World,111.txt,2009/03/14
The World,611.txt,2009/03/14
The World,49.txt,2009/03/14
The World,809.txt,2009/03/14
The World,559.txt,2009/03/14
The World,824.txt,2009/03/14
The World,750.txt,2009/03/14
The World,195.txt,2009/03/14
The World,587.txt,2009/03/14
The World,84.txt,2009/03/14
The World,278.txt,2009/03/14
The World,736.txt,2009/03/14
The World,497.txt,2009/03/14
World Source,728.txt,1982/10/02
World Source,564.txt,1984/05/03
World Source,762.txt,1999/11/14
World Source,775.txt,2013/10/22
World Source,787.txt,2014/01/21
World Source,353.txt,2009/06/22
World Source,393.txt,2013/02/22
World Source,132.txt,2012/06/20
World Source,643.txt,2009/02/23
International Times,506.txt,2009/02/23
International Times,514.txt,2009/02/23
International Times,638.txt,2009/02/23
International Times,238.txt,2009/02/23
International Times,167.txt,2009/02/23
International Times,751.txt,2009/02/23
International Times,550.txt,2009/02/23
International Times,150.txt,2009/02/23
International Times,347.txt,2009/02/23
International Times,651.txt,2009/02/23
International Times,282.txt,2009/02/23
International Times,443.txt,2009/02/23
International Times,287.txt,2009/02/23
International Times,24.txt,2009/02/23
Athena Speaks,466.txt,2014/01/20
Athena Speaks,270.txt,2000/10/04
Athena Speaks,516.txt,2014/01/20
Athena Speaks,138.txt,2014/01/20
Athena Speaks,610.txt,2012/03/10
Athena Speaks,202.txt,2014/01/20
Athena Speaks,160.txt,2014/01/19
Athena Speaks,405.txt,2010/06/15
Athena Speaks,74.txt,2012/08/24
Athena Speaks,48.txt,2007/04/11
Athena Speaks,64.txt,2011/07/29
Athena Speaks,601.txt,2010/10/04
Athena Speaks,615.txt,2010/06/21
Athena Speaks,220.txt,1997/10/17
Athena Speaks,383.txt,2005/09/26
Athena Speaks,354.txt,2009/03/14
Athena Speaks,433.txt,2011/05/15
Athena Speaks,141.txt,2009/02/21
Athena Speaks,140.txt,2014/01/20
Athena Speaks,231.txt,2013/12/17
Athena Speaks,191.txt,2009/06/21
Athena Speaks,519.txt,1998/11/17
Athena Speaks,652.txt,1997/04/24
Athena Speaks,295.txt,2000/08/18
Athena Speaks,255.txt,2011/11/23
Daily Pegasus,465.txt,2001/03/23
Daily Pegasus,317.txt,1998/03/21
Daily Pegasus,101.txt,2012/11/11
Daily Pegasus,115.txt,2002/05/27
Daily Pegasus,264.txt,1998/05/17
Daily Pegasus,700.txt,2013/06/22
Daily Pegasus,272.txt,2004/05/31
Daily Pegasus,572.txt,2012/06/22
Daily Pegasus,175.txt,2011/06/21
Daily Pegasus,773.txt,2012/04/10
Daily Pegasus,602.txt,2014/01/19
Daily Pegasus,748.txt,1993/02/04
Daily Pegasus,760.txt,2005/04/07
Daily Pegasus,628.txt,1998/11/16
Daily Pegasus,72.txt,2000/06/01
Daily Pegasus,157.txt,2009/03/13
Daily Pegasus,182.txt,2007/03/21
Daily Pegasus,55.txt,2014/03/26
Daily Pegasus,791.txt,1998/08/21
Daily Pegasus,568.txt,1998/05/17
Daily Pegasus,51.txt,2009/03/09
Daily Pegasus,257.txt,2010/06/21
Daily Pegasus,647.txt,1998/04/27
Daily Pegasus,22.txt,2001/09/02
Daily Pegasus,269.txt,2009/06/21
Daily Pegasus,482.txt,1999/07/08
The Guide,328.txt,2001/09/01
The Guide,670.txt,2010/06/22
The Guide,664.txt,2012/06/21
The Guide,229.txt,2009/03/13
The Guide,62.txt,2014/01/21
The Guide,162.txt,2009/06/21
The Guide,837.txt,2009/02/19
The Guide,189.txt,2013/06/22
The Guide,758.txt,1998/01/20
The Guide,363.txt,2001/06/16
The Guide,388.txt,2013/12/16
The Guide,373.txt,2012/03/09
The Guide,372.txt,2014/01/21
The Guide,614.txt,2014/01/19
The Guide,66.txt,1995/10/12
The Guide,194.txt,2012/06/23
The Guide,424.txt,1995/11/23
The Guide,145.txt,2014/01/20
The Guide,47.txt,1993/03/13
The Guide,754.txt,2011/06/22
The Guide,224.txt,2011/07/28
The Guide,595.txt,2005/04/08
The Guide,725.txt,1993/09/21
The Guide,296.txt,2001/03/18
The Guide,641.txt,1993/01/19
The Guide,330.txt,1998/11/10
The Guide,327.txt,1999/07/04
The Guide,509.txt,1996/03/15
Homeland Illumination,128.txt,1996/03/15
Homeland Illumination,470.txt,1996/03/15
Homeland Illumination,842.txt,1996/03/15
Homeland Illumination,658.txt,1996/03/15
Homeland Illumination,738.txt,1996/03/15
Homeland Illumination,502.txt,1996/03/15
Homeland Illumination,10.txt,1996/03/15
Homeland Illumination,313.txt,1996/03/15
Homeland Illumination,110.txt,1996/03/15
Homeland Illumination,567.txt,1996/03/15
Homeland Illumination,215.txt,1996/03/15
Homeland Illumination,407.txt,1996/03/15
Homeland Illumination,348.txt,1996/03/15
Homeland Illumination,770.txt,1996/03/15
Homeland Illumination,161.txt,1996/03/15
Homeland Illumination,415.txt,1996/03/15
Homeland Illumination,366.txt,1996/03/15
Homeland Illumination,399.txt,1996/03/15
Homeland Illumination,616.txt,1996/03/15
Homeland Illumination,73.txt,1996/03/15
Homeland Illumination,172.txt,1996/03/15
Homeland Illumination,358.txt,1996/03/15
Homeland Illumination,563.txt,1996/03/15
Homeland Illumination,744.txt,1996/03/15
Homeland Illumination,94.txt,1996/03/15
Homeland Illumination,426.txt,1996/03/15
Homeland Illumination,427.txt,1996/03/15
Homeland Illumination,625.txt,1996/03/15
Homeland Illumination,221.txt,1996/03/15
Homeland Illumination,592.txt,1996/03/15
Homeland Illumination,579.txt,1996/03/15
Homeland Illumination,627.txt,1996/03/15
Homeland Illumination,69.txt,1996/03/15
Homeland Illumination,583.txt,1996/03/15
Homeland Illumination,144.txt,1996/03/15
Homeland Illumination,87.txt,1996/03/15
Homeland Illumination,804.txt,1996/03/15
Homeland Illumination,743.txt,1996/03/15
Homeland Illumination,225.txt,1996/03/15
Homeland Illumination,609.txt,1996/03/15
Homeland Illumination,437.txt,1996/03/15
Homeland Illumination,350.txt,1996/03/15
Homeland Illumination,556.txt,1996/03/15
Homeland Illumination,294.txt,1996/03/15
Homeland Illumination,733.txt,1996/03/15
Homeland Illumination,684.txt,1996/03/15
Homeland Illumination,134.txt,1996/03/15
Homeland Illumination,35.txt,1996/03/15
Homeland Illumination,297.txt,1996/03/15
Homeland Illumination,283.txt,1996/03/15
Homeland Illumination,254.txt,1996/03/15
Homeland Illumination,484.txt,1996/03/15
Homeland Illumination,719.txt,1996/03/15
Homeland Illumination,537.txt,1996/03/15
Homeland Illumination,669.txt,1996/03/15
Homeland Illumination,697.txt,1996/03/15
Homeland Illumination,33.txt,1996/03/15
Homeland Illumination,522.txt,1996/03/15
Homeland Illumination,293.txt,1996/03/15
Homeland Illumination,681.txt,1996/03/15
Homeland Illumination,468.txt,1996/03/15
Homeland Illumination,18.txt,1996/03/15
Homeland Illumination,737.txt,1996/03/15
Homeland Illumination,290.txt,1996/03/15
Modern Rubicon,262.txt,1996/03/15
Modern Rubicon,106.txt,1996/03/15
Modern Rubicon,307.txt,1996/03/15
Modern Rubicon,412.txt,1996/03/15
Modern Rubicon,176.txt,1996/03/15
Modern Rubicon,772.txt,1996/03/15
Modern Rubicon,362.txt,1996/03/15
Modern Rubicon,830.txt,1996/03/15
Modern Rubicon,159.txt,1996/03/15
Modern Rubicon,171.txt,1996/03/15
Modern Rubicon,831.txt,1996/03/15
Modern Rubicon,67.txt,1996/03/15
Modern Rubicon,827.txt,1996/03/15
Modern Rubicon,365.txt,1996/03/15
Modern Rubicon,417.txt,1996/03/15
Modern Rubicon,99.txt,1996/03/15
Modern Rubicon,8.txt,1996/03/15
Modern Rubicon,43.txt,1996/03/15
Modern Rubicon,355.txt,1996/03/15
Modern Rubicon,425.txt,1996/03/15
Modern Rubicon,811.txt,1996/03/15
Modern Rubicon,384.txt,1996/03/15
Modern Rubicon,783.txt,1996/03/15
Modern Rubicon,727.txt,1996/03/15
Modern Rubicon,487.txt,1996/03/15
Modern Rubicon,21.txt,1996/03/15
Modern Rubicon,452.txt,1996/03/15
Modern Rubicon,133.txt,1996/03/15
Modern Rubicon,642.txt,1996/03/15
Modern Rubicon,30.txt,1996/03/15
Kronos Star,289.txt,1996/03/15
Kronos Star,666.txt,1996/03/15
Kronos Star,28.txt,1996/03/15
Kronos Star,329.txt,1996/03/15
Kronos Star,710.txt,1996/03/15
Kronos Star,674.txt,1996/03/15
Kronos Star,462.txt,1996/03/15
Kronos Star,339.txt,1996/03/15
Kronos Star,488.txt,1996/03/15
Kronos Star,298.txt,1996/03/15
Kronos Star,273.txt,1996/03/15
Kronos Star,38.txt,1996/03/15
Kronos Star,461.txt,1996/03/15
Kronos Star,306.txt,1996/03/15
Kronos Star,39.txt,1996/03/15
Kronos Star,163.txt,1996/03/15
Kronos Star,174.txt,1996/03/15
Kronos Star,376.txt,1996/03/15
Kronos Star,411.txt,1996/03/15
Kronos Star,820.txt,1996/03/15
Kronos Star,763.txt,1996/03/15
Kronos Star,70.txt,1996/03/15
Kronos Star,776.txt,1996/03/15
Kronos Star,548.txt,1996/03/15
Kronos Star,9.txt,1996/03/15
Kronos Star,364.txt,1996/03/15
Kronos Star,359.txt,1996/03/15
Kronos Star,761.txt,1996/03/15
Kronos Star,181.txt,1996/03/15
Kronos Star,630.txt,1996/03/15
Kronos Star,368.txt,1996/03/15
Kronos Star,42.txt,1996/03/15
Kronos Star,790.txt,1996/03/15
Kronos Star,381.txt,1996/03/15
Kronos Star,168.txt,1996/03/15
Kronos Star,540.txt,1996/03/15
Kronos Star,781.txt,1996/03/15
Kronos Star,435.txt,1996/03/15
Kronos Star,421.txt,1996/03/15
Kronos Star,637.txt,1996/03/15
Kronos Star,623.txt,1996/03/15
Kronos Star,541.txt,1996/03/15
Kronos Star,569.txt,1996/03/15
Kronos Star,582.txt,1996/03/15
Kronos Star,85.txt,1996/03/15
Kronos Star,379.txt,1996/03/15
Kronos Star,518.txt,1996/03/15
Kronos Star,524.txt,1996/03/15
Kronos Star,281.txt,1996/03/15
Kronos Star,526.txt,1996/03/15
Kronos Star,693.txt,1996/03/15
Kronos Star,650.txt,1996/03/15
Kronos Star,678.txt,1996/03/15
Kronos Star,321.txt,1996/03/15
Kronos Star,692.txt,1996/03/15
Kronos Star,495.txt,1996/03/15
Kronos Star,481.txt,1996/03/15
Kronos Star,508.txt,1996/03/15
Kronos Star,246.txt,1996/03/15
Kronos Star,31.txt,1996/03/15
Kronos Star,130.txt,1996/03/15
Kronos Star,441.txt,1996/03/15
Central Bulletin,673.txt,2014/01/20
Central Bulletin,113.txt,2005/09/25
Central Bulletin,604.txt,2010/06/21
Central Bulletin,798.txt,2009/03/13
Central Bulletin,565.txt,2009/02/19
Central Bulletin,213.txt,2012/08/23
Central Bulletin,401.txt,1998/11/16
Central Bulletin,170.txt,2014/01/20
Central Bulletin,403.txt,2000/10/02
Central Bulletin,618.txt,2014/01/19
Central Bulletin,745.txt,2009/06/21
Central Bulletin,800.txt,2013/12/17
Central Bulletin,578.txt,2007/04/11
Central Bulletin,151.txt,1997/10/16
Central Bulletin,34.txt,2010/06/14
Central Bulletin,37.txt,2011/11/23
Central Bulletin,136.txt,1997/04/23
Central Bulletin,123.txt,2011/07/28
Central Bulletin,734.txt,2000/08/17
Central Bulletin,244.txt,2010/10/03
Central Bulletin,125.txt,2014/01/20
Worldwise,538.txt,2013/06/22
Worldwise,114.txt,1993/03/14
Worldwise,659.txt,1999/07/05
Worldwise,274.txt,2014/01/21
Worldwise,312.txt,1995/11/22
Worldwise,765.txt,2001/03/18
Worldwise,228.txt,2012/03/08
Worldwise,808.txt,2009/02/20
Worldwise,58.txt,1996/03/14
Worldwise,589.txt,2014/01/19
Worldwise,774.txt,2011/06/21
Worldwise,629.txt,2011/07/29
Worldwise,591.txt,1995/10/11
Worldwise,5.txt,1998/11/10
Worldwise,143.txt,1993/09/21
Worldwise,816.txt,2012/06/21
Worldwise,792.txt,2012/06/22
Worldwise,553.txt,2013/12/16
Worldwise,196.txt,1998/01/19
Worldwise,815.txt,2009/03/13
Worldwise,752.txt,2014/01/21
Worldwise,593.txt,2001/09/01
Worldwise,780.txt,2001/06/15
Worldwise,594.txt,2014/01/20
Worldwise,755.txt,1993/01/20
Worldwise,620.txt,2010/06/22
Worldwise,730.txt,2005/04/08
Worldwise,309.txt,2009/06/21
Centrum Sentinel,15.txt,2009/06/21
Centrum Sentinel,841.txt,2009/06/21
Centrum Sentinel,665.txt,2009/06/21
Centrum Sentinel,13.txt,2009/06/21
Centrum Sentinel,649.txt,2009/06/21
Centrum Sentinel,717.txt,2009/06/21
Centrum Sentinel,844.txt,2009/06/21
Centrum Sentinel,299.txt,2009/06/21
Centrum Sentinel,203.txt,2009/06/21
Centrum Sentinel,562.txt,2009/06/21
Centrum Sentinel,199.txt,2009/06/21
Centrum Sentinel,749.txt,2009/06/21
Centrum Sentinel,208.txt,2009/06/21
Centrum Sentinel,793.txt,2009/06/21
Centrum Sentinel,817.txt,2009/06/21
Centrum Sentinel,142.txt,2009/06/21
Centrum Sentinel,624.txt,2009/06/21
Centrum Sentinel,56.txt,2009/06/21
Centrum Sentinel,551.txt,2009/06/21
Centrum Sentinel,828.txt,2009/06/21
Centrum Sentinel,418.txt,2009/06/21
Centrum Sentinel,597.txt,2009/06/21
Centrum Sentinel,232.txt,2009/06/21
Centrum Sentinel,434.txt,2009/06/21
Centrum Sentinel,386.txt,2009/06/21
Centrum Sentinel,280.txt,2009/06/21
Centrum Sentinel,486.txt,2009/06/21
Centrum Sentinel,485.txt,2009/06/21
Centrum Sentinel,320.txt,2009/06/21
Centrum Sentinel,308.txt,2009/06/21
Centrum Sentinel,490.txt,2009/06/21
Centrum Sentinel,655.txt,2009/06/21
Centrum Sentinel,325.txt,2009/06/21
Centrum Sentinel,708.txt,2009/06/21
Centrum Sentinel,118.txt,2009/06/21
Centrum Sentinel,521.txt,2009/06/21
The Continent,100.txt,2007/03/19
The Continent,302.txt,1999/11/16
The Continent,513.txt,2013/10/22
The Continent,88.txt,2013/11/13
The Continent,784.txt,1984/05/05
The Continent,580.txt,2013/02/24
The Continent,796.txt,1982/10/03
The Continent,530.txt,2013/02/08
The Continent,242.txt,2010/03/05
The Continent,268.txt,2009/06/23
The Continent,36.txt,2009/02/23
The Continent,245.txt,2014/01/21
The Continent,457.txt,2012/02/21
The Continent,318.txt,2012/06/21
The Continent,535.txt,2014/03/26
Everyday News,460.txt,2014/01/21
Everyday News,201.txt,2009/02/23
Everyday News,214.txt,1982/10/03
Everyday News,200.txt,2014/03/26
Everyday News,234.txt,2014/03/26
Everyday News,80.txt,2012/02/22
Everyday News,343.txt,2012/06/21
Everyday News,93.txt,2013/02/09
Everyday News,2.txt,1999/11/16
Everyday News,147.txt,2013/02/24
Everyday News,387.txt,2009/06/23
Everyday News,608.txt,2013/11/13
Everyday News,656.txt,2014/03/26
Everyday News,332.txt,2007/03/19
Everyday News,496.txt,1984/05/05
The Light of Truth,706.txt,1999/02/20
The Light of Truth,277.txt,2000/08/16
The Light of Truth,671.txt,1996/07/08
The Light of Truth,301.txt,1992/12/12
The Light of Truth,102.txt,2013/09/04
The Light of Truth,675.txt,2009/02/21
The Light of Truth,729.txt,1995/03/31
The Light of Truth,503.txt,1993/09/21
The Light of Truth,822.txt,2014/01/21
The Light of Truth,823.txt,1998/11/15
The Light of Truth,216.txt,2000/01/16
The Light of Truth,164.txt,2003/05/19
The Light of Truth,560.txt,2009/05/17
The Light of Truth,198.txt,1994/02/18
The Light of Truth,432.txt,2010/12/18
The Light of Truth,802.txt,1994/09/25
The Light of Truth,1.txt,2013/12/18
The Light of Truth,494.txt,2014/01/20
The Light of Truth,456.txt,1995/10/11
All News Today,698.txt,2012/06/20
All News Today,714.txt,2014/01/19
All News Today,77.txt,2011/06/21
All News Today,612.txt,1999/07/08
All News Today,603.txt,2007/03/21
All News Today,617.txt,1998/05/16
All News Today,341.txt,2013/06/21
All News Today,237.txt,1998/05/15
All News Today,753.txt,2012/09/08
All News Today,154.txt,2012/09/08
All News Today,554.txt,2009/06/20
All News Today,391.txt,2001/03/22
All News Today,420.txt,1998/11/15
All News Today,152.txt,1993/02/02
All News Today,135.txt,2012/04/09
All News Today,121.txt,2005/04/06
All News Today,251.txt,2004/05/29
All News Today,683.txt,2009/03/12
The Tulip,504.txt,2000/08/16
The Tulip,712.txt,2014/01/20
The Tulip,315.txt,1993/09/21
The Tulip,529.txt,2009/02/22
The Tulip,515.txt,2000/01/16
The Tulip,360.txt,2013/12/17
The Tulip,206.txt,1998/11/14
The Tulip,370.txt,2010/12/19
The Tulip,586.txt,1995/04/01
The Tulip,3.txt,1994/02/18
The Tulip,178.txt,2014/01/21
The Tulip,810.txt,2009/05/16
The Tulip,479.txt,1992/12/12
The Tulip,686.txt,2003/05/19
The Tulip,319.txt,1999/02/20
The Tulip,331.txt,1994/09/25
The Tulip,720.txt,1996/07/09
The Tulip,695.txt,1995/10/11
The Tulip,119.txt,2013/09/03
News Desk,464.txt,2005/09/25
News Desk,512.txt,2014/01/20
News Desk,311.txt,2000/10/03
News Desk,259.txt,2014/01/19
News Desk,104.txt,2012/03/10
News Desk,605.txt,1998/11/17
News Desk,61.txt,2013/12/18
News Desk,404.txt,1997/10/17
News Desk,60.txt,1997/04/25
News Desk,571.txt,2011/05/15
News Desk,818.txt,2014/01/20
News Desk,402.txt,2014/01/20
News Desk,588.txt,2010/10/03
News Desk,801.txt,2009/06/21
News Desk,839.txt,2011/11/24
News Desk,757.txt,2011/07/28
News Desk,190.txt,2010/06/15
News Desk,91.txt,2000/08/18
News Desk,146.txt,2009/02/21
News Desk,525.txt,2009/02/21
News Desk,644.txt,2010/06/22
News Desk,241.txt,2007/04/12
News Desk,709.txt,2012/08/23
News Desk,721.txt,2014/01/20
News Desk,19.txt,2009/03/13
International News,276.txt,2014/01/21
International News,29.txt,2014/01/20
International News,129.txt,2001/08/31
International News,499.txt,2011/07/28
International News,689.txt,2014/01/21
International News,836.txt,2009/03/12
International News,89.txt,2012/06/20
International News,374.txt,2013/06/20
International News,821.txt,1999/07/04
International News,75.txt,2012/06/22
International News,767.txt,2010/06/21
International News,547.txt,1995/11/21
International News,226.txt,1993/01/19
International News,742.txt,2009/02/18
International News,636.txt,2001/03/18
International News,423.txt,2005/04/06
International News,436.txt,2014/01/19
International News,768.txt,1996/03/14
International News,444.txt,1995/10/11
International News,333.txt,2013/12/16
The Truth,112.txt,1996/03/15
The Truth,463.txt,2014/01/21
The Truth,474.txt,1995/10/12
The Truth,361.txt,2011/06/22
The Truth,406.txt,1998/01/19
The Truth,599.txt,2014/01/21
The Truth,607.txt,2014/01/20
The Truth,561.txt,2009/03/14
The Truth,165.txt,2009/02/19
The Truth,166.txt,1998/11/10
The Truth,552.txt,1993/09/20
The Truth,156.txt,2012/06/23
The Truth,584.txt,2012/03/08
The Truth,394.txt,2013/06/21
The Truth,96.txt,2011/07/28
The Truth,632.txt,1993/01/20
The Truth,41.txt,2001/03/18
The Truth,795.txt,1993/03/14
The Truth,794.txt,2001/08/31
The Truth,621.txt,2005/04/08
The Truth,230.txt,1995/11/23
The Truth,581.txt,2010/06/22
The Truth,20.txt,2009/06/21
The Truth,240.txt,2014/01/19
The Truth,724.txt,1999/07/04
The Truth,645.txt,2012/06/21
The Truth,480.txt,2013/12/16
The Truth,668.txt,2001/06/15
World Journal,739.txt,2012/02/21
World Journal,648.txt,2013/02/24
World Journal,701.txt,1999/11/15
World Journal,501.txt,1982/10/04
World Journal,771.txt,1984/05/04
World Journal,149.txt,2009/06/23
World Journal,396.txt,2014/01/21
World Journal,81.txt,2013/02/09
World Journal,180.txt,2010/03/05
World Journal,6.txt,2007/03/20
World Journal,351.txt,2012/06/21
World Journal,646.txt,2009/02/23
World Journal,687.txt,2009/02/23
World Journal,279.txt,2014/03/26
World Journal,126.txt,2013/11/13
The Abila Post,699.txt,2013/11/13
The Abila Post,458.txt,2013/11/13
The Abila Post,713.txt,2013/11/13
The Abila Post,261.txt,2013/11/13
The Abila Post,705.txt,2013/11/13
The Abila Post,660.txt,2013/11/13
The Abila Post,338.txt,2013/11/13
The Abila Post,304.txt,2013/11/13
The Abila Post,477.txt,2013/11/13
The Abila Post,265.txt,2013/11/13
The Abila Post,139.txt,2013/11/13
The Abila Post,677.txt,2013/11/13
The Abila Post,663.txt,2013/11/13
The Abila Post,475.txt,2013/11/13
The Abila Post,528.txt,2013/11/13
The Abila Post,573.txt,2013/11/13
The Abila Post,764.txt,2013/11/13
The Abila Post,438.txt,2013/11/13
The Abila Post,439.txt,2013/11/13
The Abila Post,834.txt,2013/11/13
The Abila Post,398.txt,2013/11/13
The Abila Post,429.txt,2013/11/13
The Abila Post,428.txt,2013/11/13
The Abila Post,212.txt,2013/11/13
The Abila Post,576.txt,2013/11/13
The Abila Post,803.txt,2013/11/13
The Abila Post,369.txt,2013/11/13
The Abila Post,619.txt,2013/11/13
The Abila Post,54.txt,2013/11/13
The Abila Post,83.txt,2013/11/13
The Abila Post,169.txt,2013/11/13
The Abila Post,356.txt,2013/11/13
The Abila Post,756.txt,2013/11/13
The Abila Post,805.txt,2013/11/13
The Abila Post,50.txt,2013/11/13
The Abila Post,555.txt,2013/11/13
The Abila Post,233.txt,2013/11/13
The Abila Post,557.txt,2013/11/13
The Abila Post,782.txt,2013/11/13
The Abila Post,812.txt,2013/11/13
The Abila Post,806.txt,2013/11/13
The Abila Post,185.txt,2013/11/13
The Abila Post,807.txt,2013/11/13
The Abila Post,53.txt,2013/11/13
The Abila Post,218.txt,2013/11/13
The Abila Post,322.txt,2013/11/13
The Abila Post,450.txt,2013/11/13
The Abila Post,718.txt,2013/11/13
The Abila Post,292.txt,2013/11/13
The Abila Post,682.txt,2013/11/13
The Abila Post,696.txt,2013/11/13
The Abila Post,654.txt,2013/11/13
The Abila Post,250.txt,2013/11/13
The Abila Post,326.txt,2013/11/13
Who What News,471.txt,2000/01/16
Who What News,473.txt,1992/12/12
Who What News,310.txt,2014/01/21
Who What News,105.txt,1994/09/24
Who What News,449.txt,1999/02/19
Who What News,716.txt,2009/02/21
Who What News,375.txt,2013/12/17
Who What News,59.txt,2003/05/18
Who What News,626.txt,2000/08/15
Who What News,153.txt,1995/03/30
Who What News,422.txt,2009/05/16
Who What News,732.txt,1993/09/19
Who What News,137.txt,1994/02/18
Who What News,469.txt,2014/01/20
Who What News,694.txt,1998/11/14
News Online Today,303.txt,2013/02/22
News Online Today,14.txt,2009/06/21
News Online Today,707.txt,2001/03/18
News Online Today,511.txt,2001/09/01
News Online Today,505.txt,2009/03/13
News Online Today,263.txt,1998/08/20
News Online Today,288.txt,2011/06/21
News Online Today,711.txt,2014/01/19
News Online Today,16.txt,1998/05/16
News Online Today,103.txt,1993/01/19
News Online Today,117.txt,1999/11/15
News Online Today,467.txt,1998/11/10
News Online Today,314.txt,1995/03/30
News Online Today,489.txt,2010/10/03
News Online Today,476.txt,2009/02/19
News Online Today,12.txt,2007/03/19
News Online Today,267.txt,1999/07/08
News Online Today,688.txt,2002/05/25
News Online Today,676.txt,2014/01/21
News Online Today,702.txt,1999/02/19
News Online Today,266.txt,1999/02/19
News Online Today,598.txt,2014/01/21
News Online Today,188.txt,2000/06/01
News Online Today,639.txt,1993/02/03
News Online Today,413.txt,2000/08/15
News Online Today,63.txt,2014/01/20
News Online Today,566.txt,2014/01/20
News Online Today,570.txt,2012/06/20
News Online Today,766.txt,2010/06/21
News Online Today,606.txt,2001/03/22
News Online Today,389.txt,2011/05/15
News Online Today,410.txt,2000/10/02
News Online Today,549.txt,2012/03/09
News Online Today,777.txt,2013/12/16
News Online Today,367.txt,1993/03/13
News Online Today,414.txt,2012/04/10
News Online Today,819.txt,2012/02/21
News Online Today,71.txt,2010/06/21
News Online Today,65.txt,2009/05/16
News Online Today,789.txt,2000/01/15
News Online Today,574.txt,1998/11/14
News Online Today,204.txt,2009/06/21
News Online Today,833.txt,2013/06/21
News Online Today,98.txt,1995/11/22
News Online Today,416.txt,2011/06/21
News Online Today,371.txt,2003/05/17
News Online Today,577.txt,2009/03/13
News Online Today,57.txt,2012/06/21
News Online Today,95.txt,2009/06/20
News Online Today,631.txt,2009/02/23
News Online Today,4.txt,2009/02/23
News Online Today,779.txt,1998/11/15
News Online Today,786.txt,2004/05/30
News Online Today,209.txt,2004/05/30
News Online Today,590.txt,2013/10/22
News Online Today,545.txt,1997/04/24
News Online Today,68.txt,1998/11/15
News Online Today,40.txt,2014/01/19
News Online Today,155.txt,2009/06/22
News Online Today,633.txt,2014/01/20
News Online Today,380.txt,1992/12/12
News Online Today,431.txt,2014/01/20
News Online Today,342.txt,2014/01/20
News Online Today,82.txt,2014/01/20
News Online Today,7.txt,2014/01/20
News Online Today,746.txt,2001/06/15
News Online Today,785.txt,2012/06/20
News Online Today,544.txt,2001/08/31
News Online Today,45.txt,2011/07/28
News Online Today,79.txt,2011/07/28
News Online Today,86.txt,2013/12/16
News Online Today,346.txt,2012/09/08
News Online Today,352.txt,2014/01/19
News Online Today,179.txt,2005/04/06
News Online Today,186.txt,1997/10/15
News Online Today,227.txt,1984/05/04
News Online Today,596.txt,1982/10/03
News Online Today,219.txt,2014/01/21
News Online Today,52.txt,1995/10/11
News Online Today,46.txt,2013/09/03
News Online Today,184.txt,2012/08/22
News Online Today,344.txt,2014/01/21
News Online Today,378.txt,2010/06/14
News Online Today,634.txt,1995/10/11
News Online Today,797.txt,2012/03/08
News Online Today,542.txt,1996/03/14
News Online Today,690.txt,2007/04/11
News Online Today,451.txt,2009/03/12
News Online Today,337.txt,2012/06/22
News Online Today,323.txt,2011/11/23
News Online Today,108.txt,2011/11/23
News Online Today,120.txt,1996/07/08
News Online Today,256.txt,2000/08/17
News Online Today,446.txt,2013/11/13
News Online Today,335.txt,2009/02/19
News Online Today,447.txt,2009/03/08
News Online Today,286.txt,2010/06/19
News Online Today,640.txt,1999/07/04
News Online Today,27.txt,1998/01/19
News Online Today,285.txt,2005/09/25
News Online Today,291.txt,2014/01/20
News Online Today,534.txt,1994/09/24
News Online Today,252.txt,2013/06/20
News Online Today,722.txt,1994/02/18
News Online Today,25.txt,2013/12/16
News Online Today,124.txt,2013/02/08
News Online Today,483.txt,2007/03/21
News Online Today,454.txt,2007/03/21
News Online Today,440.txt,2014/01/20
News Online Today,657.txt,1993/09/20
News Online Today,247.txt,2005/04/06
The General Post,316.txt,1998/11/14
The General Post,107.txt,2014/01/20
The General Post,835.txt,1992/12/13
The General Post,825.txt,1996/07/08
The General Post,826.txt,2009/05/17
The General Post,235.txt,2000/08/16
The General Post,223.txt,2013/12/18
The General Post,97.txt,1995/04/01
The General Post,192.txt,1994/09/25
The General Post,543.txt,1995/10/12
The General Post,345.txt,2010/12/18
The General Post,478.txt,1994/02/18
The General Post,336.txt,2013/09/04
The General Post,493.txt,2003/05/19
The General Post,23.txt,2009/02/22
The General Post,536.txt,2014/01/21
The General Post,131.txt,2000/01/17
The General Post,723.txt,1993/09/21
The General Post,284.txt,1999/02/20
The Explainer,667.txt,2009/03/13
The Explainer,300.txt,2012/08/24
The Explainer,260.txt,2013/12/17
The Explainer,258.txt,2012/03/09
The Explainer,661.txt,2011/05/16
The Explainer,715.txt,2014/01/20
The Explainer,703.txt,1997/10/16
The Explainer,177.txt,2000/08/18
The Explainer,377.txt,2007/04/11
The Explainer,205.txt,2011/11/23
The Explainer,397.txt,2014/01/20
The Explainer,340.txt,2009/02/20
The Explainer,382.txt,2010/10/04
The Explainer,747.txt,2000/10/03
The Explainer,197.txt,2014/01/20
The Explainer,385.txt,2009/06/22
The Explainer,691.txt,2010/06/22
The Explainer,491.txt,2005/09/26
The Explainer,334.txt,2010/06/14
The Explainer,679.txt,2010/06/14
The Explainer,731.txt,1997/04/25
The Explainer,527.txt,2011/07/28
The Explainer,127.txt,2014/01/19
The Explainer,324.txt,2014/01/20
The Explainer,442.txt,1998/11/17
